url,label
https://www.google.com/,0
https://www.google.com/search?q=python,0
https://github.com/,0
https://github.com/torvalds/linux,0
https://stackoverflow.com/questions/tagged/python,0
https://en.wikipedia.org/wiki/Phishing,0
https://www.python.org/downloads/,0
https://docs.python.org/3/library/urllib.parse.html,0
https://news.ycombinator.com/,0
https://www.reddit.com/r/netsec,0
https://www.bbc.com/news,0
https://www.nytimes.com/section/technology,0
https://aws.amazon.com/console/,0
https://console.cloud.google.com/,0
https://azure.microsoft.com/en-us/,0
https://www.cloudflare.com/learning/access-management/phishing-attack/,0
https://www.microsoft.com/en-us/security,0
https://support.apple.com/en-us/HT204145,0
https://www.paypal.com/us/home,0
https://signin.aws.amazon.com/signin,0
https://accounts.google.com/signin,0
https://login.microsoftonline.com/,0
https://www.dropbox.com/login,0
https://www.netflix.com/login,0
https://outlook.live.com/owa/,0
https://mail.google.com/mail/u/0/,0
https://www.linkedin.com/feed/,0
https://twitter.com/home,0
https://www.facebook.com/,0
https://www.youtube.com/watch?v=dQw4w9WgXcQ,0
https://www.amazon.com/dp/B08N5WRWNW,0
https://www.ebay.com/sch/i.html?_nkw=keyboard,0
https://www.coursera.org/learn/machine-learning,0
https://scholar.google.com/scholar?q=phishing+detection,0
https://arxiv.org/abs/1912.06872,0
https://www.kaggle.com/datasets,0
https://pypi.org/project/scikit-learn/,0
https://nodejs.org/en/download/,0
https://www.rust-lang.org/learn,0
https://go.dev/doc/tutorial/getting-started,0
http://192.168.1.4/login.php,1
http://172.16.32.81/secure/account/verify,1
http://[2001:db8::1]/wp-login.php,1
http://paypal.com.security-update-center.tk/login,1
http://appleid-apple.com.verify-account.ml/auth,1
http://login-microsoft365.update-secure.gq/owa,1
http://secure-bankofamerica.com.cf/online-banking/signin,1
http://www.amaz0n-account-verify.xyz/signin?return=billing,1
http://netflix-billing-update.top/login.php,1
http://chase-online-secure.click/auth/verify,1
http://wellsfargo.com.online-banking-secure.support/index.html,1
http://signin-ebay-com.update-account.work/ws/eBayISAPI.dll?SignIn,1
http://verify-paypal-account.gq/cgi-bin/webscr?cmd=_login-run,1
http://docusign-secure-doc.pdf-share.tk/view?id=8473hfd,1
http://account-locked-apple.support/unlock,1
http://google-drive-share-doc.weebly.online/login,1
http://my-bank-secure-access.review/login.htm,1
http://office365-login-secure.icu/auth/session,1
http://iclo-ud-find-my-iphone.support/locate,1
http://faceboook-security-check.cf/recover,1
http://instagra-m-help-center.support/login,1
http://microsoftt-com.win/account/verify,1
http://amazonn-prime-renewal.tk/billing,1
http://discord-nitro-free-gift.click/claim?token=abcd1234,1
http://steamcommunity.ru-trade-offer.win/tradeoffer/new,1
http://bit.ly/3xXxXxX,1
http://tinyurl.com/y4kr8j2g,1
http://t.co/aBcDeFgHiJ,1
http://goo.gl/x9Z8Y7,1
http://login.microsoft.com.session-renewal-id-9483274.live-secure.gq/owa/auth.aspx,1
http://verify.account.security-paypal.com.cf/cgi-bin/webscr?cmd=_account-update&dispatch=5885d80a13c0db1f8e263663d3faee8d,1
http://barclays-online.banking-secure-uk.review/personal/login,1
http://hsbc-uk-personal.update-account-now.country/onboarding,1
http://santander-online.secure-server-uk.stream/login.aspx,1
http://citi-bank-online-secure.win/auth/signin?ref=email,1
http://coinbase-wallet-recovery.click/seed?id=8847,1
http://binance-2fa-reset.support/auth/verify,1
http://metamask-wallet-restore.tk/import,1
http://blockchain-info-wallet.cf/login.html,1
http://github-security-alert.support/account/recovery,1
http://dropbox-shared-doc.click/view?file=invoice.pdf,1
http://adobe-document-cloud.review/sign?d=29kdj30,1
http://my-ebay-account-verification.work/ws/eBayISAPI.dll?SignIn&UsingSSL=1,1
http://%70aypal.com/login,1
http://xn--pypal-4ve.com/signin,1
http://www.secure-update-server.com.support-team-portal.tk:8443/login/account/verify?id=482937&ref=email,1
http://login.bankof%41merica.com.security-portal.gq/online-banking,1
https://www.secure-paypal-account-verification-team.support/login?session=invalid&redirect=billing-update,1
http://verifyaccount.paypal.com.session-12345.review/cgi-bin/webscr?cmd=_login,1

https://secure-paypal-com.account-update.tk/login,1
https://login.microsoft365-secure.gq/owa/auth,1
https://appleid-verify.account-locked.support/unlock,1
https://amazon-account-billing.review/signin?ref=email,1
https://chase-online-secure.click/auth/verify,1
https://netflix-billing-renew.top/login,1
https://wellsfargo-online-banking.cf/auth/signin,1
https://bankofamerica.security-portal.work/online-banking,1
https://docusign-secure-document.tk/view?id=92831,1
https://github-security-alert.support/account/recovery,1
https://coinbase-wallet-recovery.click/seed?id=8847,1
https://www.facebook.com.security-check.gq/recover,1
http://localhost:8080/admin,0
http://example.com/,0
http://neverssl.com/,0
http://httpforever.com/,0
http://info.cern.ch/hypertext/WWW/TheProject.html,0
